{
  "densitree": [
    0.9445247676528441,
    0.9404214661110696,
    0.9401118482821273,
    0.9432101831650622,
    0.9418701589401033,
    0.9396737923812017,
    0.9424880156846945,
    0.9464301480215728,
    0.9463499438533284,
    0.9480855607606049,
    0.9454368506063526,
    0.9469209824903713,
    0.9485609802711995,
    0.9471211153560949,
    0.948906711318375,
    0.9476217320875767,
    0.9479144230187567,
    0.9458356543776585,
    0.9371997880907298,
    0.9370222406083165
  ],
  "flowsom_style": [
    0.9473667485049321,
    0.6772041961471258,
    0.6828221592773142,
    0.7025904564242065,
    0.9204903889205979,
    0.7066269797163514,
    0.6836115926932042,
    0.6755903595642205,
    0.9344270429922241,
    0.9243525573227811,
    0.9232250607134591,
    0.9307519278154418,
    0.9401323075669616,
    0.9272280061190746,
    0.9222775383161569,
    0.6914443683786246,
    0.9684120369431424,
    0.9263367997222752,
    0.9240782585812427,
    0.9316153234951874
  ],
  "wilcoxon_test": {
    "statistic": 10.0,
    "p_value": 8.20159912109375e-05,
    "alternative": "two-sided",
    "description": "Wilcoxon signed-rank test on paired ARI values (20 runs each)"
  }
}